file,document_id,published,section,genre,authors,words,headline_en,url
2025-01-04_international_young-angry-fiercely-determined-activists-fighting-alongside_ld1864526,1864526,2025-01-04,International,,"Christian Putsch (text and images), Omdurman",1965,"Young, angry, and fiercely determined: activists are fighting alongside the Sudanese army against the rebel militia – and the greatest humanitarian catastrophe of our time",https://www.nzz.ch/international/jung-wuetend-und-wild-entschlossen-aktivisten-kaempfen-mit-der-sudanesischen-armee-gegen-die-rebellen-miliz-und-die-groesste-humanitaere-katastrophe-dieser-welt-ld.1864526
2025-11-05_international_rio-s-favelas-killing-becomes-ritual_ld1909890,1909890,2025-11-05,International,,"Thomas Milz (text), Francisco Proner (images), Rio de Janeiro",1922,"In Rio's favelas, killing becomes a ritual",https://www.nzz.ch/international/in-rios-favelas-wird-das-toeten-zum-ritual-ld.1909890
2025-04-16_international_asians-no-longer-intimidated-arrogance-europeans_ld1879569,1879569,2025-04-16,International,Interview,"Katrin Büchenbacher, Benedict Neff (text), Maurice Haas (images)",2856,«Asians are no longer intimidated by the arrogance of Europeans.»,https://www.nzz.ch/international/kishore-mahbubani-warnt-europa-china-zu-verprellen-sei-gefaehrlich-ld.1879569
2025-04-02_international_not-keen-military-service-europe-s-defense_ld1876768,1876768,2025-04-02,International,Datenanalyse,Julia Monn,1345,Not keen on military service? Europe's defense has a recruitment problem. The big picture.,https://www.nzz.ch/international/wehrpflicht-in-europa-zahlen-fakten-und-aktuelle-umfragen-im-ueberblick-ld.1876768
2026-06-23_international_indians-triumphed-little-bighorn-river-but-their_ld10003586,10003586,2026-06-23,International,,"Werner J. Marti (text), Andrea Mittelholzer (photo editing)",2178,The Indians triumphed at the Little Bighorn River – but their downfall was nonetheless inevitable,https://www.nzz.ch/international/custers-letzte-schlacht-vor-150-jahren-wurde-die-us-armee-am-little-bighorn-river-von-den-indianern-vernichtend-geschlagen-deren-untergang-war-trotzdem-unaufhaltsam-ld.10003586
2025-05-29_wirtschaft_germany-s-welfare-state-threatened-financial-collapse_ld1886544,1886544,2025-05-29,Wirtschaft,,"Malte Fischer, Düsseldorf",1779,Germany's welfare state is threatened with financial collapse,https://www.nzz.ch/wirtschaft/deutschlands-wohlfahrtsstaat-droht-der-finanzielle-kollaps-ld.1886544
2026-04-14_wirtschaft_athens-fight-against-shadow-economy-investigators-hunt_ld1925441,1925441,2026-04-14,Wirtschaft,,"Nicole Anliker, Athen",1616,Athens' fight against the shadow economy: Investigators hunt for tax evaders,https://www.nzz.ch/wirtschaft/athens-kampf-gegen-die-schattenwirtschaft-mit-fahndern-auf-der-jagd-nach-steuersuendern-ld.1925441
2025-09-20_finanzen_trump-must-have-mistaken-usa-another-country_ld1902492,1902492,2025-09-20,Finanzen,Interview,"Michael Ferber, Markus Städeli",2533,"«Trump must have mistaken the USA for another country,» says Nassim Taleb, author of the book «The Black Swan»",https://www.nzz.ch/finanzen/schwarzer-schwan-autor-nassim-taleb-im-interview-zu-trump-schulden-usa-gold-ld.1902492
2025-05-07_technologie_police-brought-down-world-s-most-feared_ld1880992,1880992,2025-05-07,Technologie,,"Gioia da Silva, Lukas Mäder",3075,How the police brought down the world's most feared hacker: a reconstruction of the end of Lockbit,https://www.nzz.ch/technologie/lockbit-wie-die-polizei-den-gefuerchtetsten-hacker-der-welt-zu-fall-brachte-eine-rekonstruktion-des-endes-von-lockbit-ld.1880992
2026-03-12_technologie_dario-daniela-amodei-siblings-who-defy-pentagon_ld1928134,1928134,2026-03-12,Technologie,,Ruth Fulterer,1472,Dario and Daniela Amodei: the siblings who defy the Pentagon,https://www.nzz.ch/technologie/dario-und-daniela-amodei-die-geschwister-die-dem-pentagon-die-stirn-bieten-ld.1928134
2025-07-16_technologie_80-years-atomic-bomb-american-secret-city_ld1890570,1890570,2025-07-16,Technologie,,"Marie-Astrid Langer, Los Alamos",2435,"80 years of the atomic bomb: In the American secret city of Los Alamos, a historical war rages.",https://www.nzz.ch/technologie/80-jahre-atombombe-in-der-amerikanischen-geheimstadt-los-alamos-tobt-der-geschichtskrieg-ld.1890570
2025-08-28_technologie_first-chat-gpt-helped-teenager-homework-then_ld1899827,1899827,2025-08-28,Technologie,,"Marie-Astrid Langer, San Francisco",1394,"First, Chat-GPT helped a teenager with his homework, then with his suicide. Now his parents are suing.",https://www.nzz.ch/technologie/erst-half-chat-gpt-diesem-teenager-bei-den-hausaufgaben-dann-beim-suizid-jetzt-klagen-seine-eltern-ld.1899827
2025-05-17_feuilleton_artemisia-gentileschi-s-paintings-eyes-tell-whole_ld1884009,1884009,2025-05-17,Feuilleton,,Roman Bucheli,1442,"In Artemisia Gentileschi's paintings, the eyes tell the whole story",https://www.nzz.ch/feuilleton/artemisia-gentileschi-ld.1884009
2026-06-15_feuilleton_uzbekistan-country-discovers-future-art_ld10011305,10011305,2026-06-15,Feuilleton,,Sabine B. Vogel,1725,Uzbekistan: A country discovers its future in art,https://www.nzz.ch/feuilleton/usbekistan-und-die-kunst-wie-ein-land-seine-zukunft-gestaltet-ld.10011305
2025-07-02_feuilleton_old-world-order-has-collapsed-europe-must_ld1891521,1891521,2025-07-02,Feuilleton,,Herfried Münkler,1396,The old world order has collapsed. Europe must adapt to chaos in order to survive.,https://www.nzz.ch/feuilleton/welt-im-chaos-warum-die-regelbasierte-ordnung-gescheitert-ist-ld.1891521
2026-06-13_gesellschaft_thanks-valley-middle-provinces-america-rose-superpower_ld10004841,10004841,2026-06-13,Gesellschaft,,"Ivo Mijnssen, Bethlehem, Simon Tanner",3652,"Thanks to this valley in the middle of the provinces, America rose to superpower status – today the place has an image problem. Billy Joel is partly to blame",https://www.nzz.ch/gesellschaft/american-dream-aus-stahl-wie-die-usa-zur-supermacht-wurden-ld.10004841
2026-06-28_nzz-am-sonntag-magazin_cradle-evil-adolf-hitler-s-birthplace-becomes_ld10012889,10012889,2026-06-28,NZZ am Sonntag Magazin,,"Sacha Batthyany (text), Roderick Aichinger (photos)",3070,The cradle of evil: Adolf Hitler's birthplace becomes a police station. Can a house be decontaminated?,https://www.nzz.ch/nzz-am-sonntag-magazin/hitlers-geburtshaus-in-braunau-wird-zur-polizeiwache-geht-das-ld.10012889
2025-05-09_gesellschaft_he-says-he-s-not-gangster-us_ld1882781,1882781,2025-05-09,Gesellschaft,,Flurin Clalüna,1816,He says he's not a gangster. The US government says he's lying. How a deported immigrant became the face of Donald Trump's immigration policy,https://www.nzz.ch/gesellschaft/von-trumps-usa-bis-el-salvador-wer-ist-kilmar-abrego-garcia-ld.1882781
2025-10-11_nzz-am-sonntag-magazin_redefinition-photography-studio-visit-dayanita-singh-delhi_ld1906052,1906052,2025-10-11,NZZ am Sonntag Magazin,,Susanna Koeberle,2259,The redefinition of photography - a studio visit with Dayanita Singh in Delhi,https://www.nzz.ch/nzz-am-sonntag-magazin/die-neudefinition-der-fotografie-ein-atelierbesuch-bei-dayanita-singh-in-delhi-ld.1906052
2025-08-29_folio_what-it-sounds-like-when-glacier-dies_ld1896852,1896852,2025-08-29,Folio,,"Theresa Tröndle (text), Bruno Augsburger (images)",2233,What it sounds like when a glacier dies,https://www.nzz.ch/folio/der-morteratschgletscher-schmilzt-ludwig-berger-haelt-fest-wie-das-klingt-ld.1896852
2024-09-17_wissenschaft_russian-scientist-travels-west-conduct-research-colleagues_ld1844050,1844050,2024-09-17,Wissenschaft,,"Andrew Müller (text), Florian Generotzky (images)",2373,A Russian scientist travels to the West to conduct research with colleagues – risking everything in the process. Our reporter accompanied her.,https://www.nzz.ch/wissenschaft/der-eiserne-vorhang-im-labor-wie-russische-wissenschafter-die-sanktionen-umgehen-ld.1844050
2026-08-22_wissenschaft_when-crude-oil-enters-sea-off-oman_ld10019954,10019954,2026-08-22,Wissenschaft,,Georg Rüschemeyer,1497,"When crude oil enters the sea off Oman, it is always an ecological catastrophe – what research has learned from past disasters",https://www.nzz.ch/wissenschaft/wenn-wie-jetzt-vor-oman-rohoel-ins-meer-gelangt-ist-das-immer-eine-oekologische-katastrophe-was-die-forschung-aus-vergangenen-ungluecken-gelernt-hat-ld.10019954
2025-12-13_reisen_swimming-crater-killed-dinosaurs-what-extinguished-life_ld1915019,1915019,2025-12-13,Reisen,,Alexandra von Ascheraden,2383,Swimming in the crater that killed the dinosaurs: What extinguished life made humankind possible. A journey to the place of our origin.,https://www.nzz.ch/reisen/was-drei-viertel-des-lebens-ausloeschte-machte-den-menschen-erst-moeglich-eine-reise-an-den-ort-unserer-entstehung-ld.1915019
2026-04-05_panorama_evening-berlin-s-most-dangerous-park-dealers_ld1927432,1927432,2026-04-05,Panorama,,"Kathrin Klette, Berlin",1921,"An evening in Berlin's most dangerous park: Dealers whisper, «Do you want marijuana?»",https://www.nzz.ch/panorama/goerlitzer-park-in-berlin-dealer-proteste-und-ein-umstrittener-zaun-ld.1927432
2026-08-07_mobilitaet_quiet-giant-china-s-geely-group-conquered_ld10018163,10018163,2026-08-07,Mobilität,,Herbie Schmidt,1450,The quiet giant: how China's Geely Group conquered Europe's car market from within,https://www.nzz.ch/mobilitaet/der-leise-gigant-wie-chinas-geely-konzern-europas-automarkt-von-innen-heraus-erobert-ld.10018163
2025-02-23_sport-ski_unique-as-athlete-as-person-mikaela-shiffrin_ld1860022,1860022,2025-02-23,Sport,,Remo Geisser,1751,Unique as an athlete and as a person – Mikaela Shiffrin breaks all boundaries with her 100th World Cup victory,https://www.nzz.ch/sport/ski/ski-phaenomen-mikaela-shiffrin-100-siege-und-persoenliche-einblicke-ld.1860022
2025-06-10_english_murders-sabotage-drone-attacks-ukraine-s-security_ld1888144,1888144,2025-06-10,NZZ in English,International View,Andreas Rüesch,1649,"With murders, sabotage and drone attacks, Ukraine's security service stays step ahead of Russia",https://www.nzz.ch/english/behind-ukraines-secret-operations-and-sabotage-ld.1888144
2025-06-06_english_no-more-boozing-boost-career-alcohol-consumption_ld1887552,1887552,2025-06-06,NZZ in English,International View,Katrin Büchenbacher,2379,No more boozing to boost a career? Why alcohol consumption in China is tumbling,https://www.nzz.ch/english/chinas-once-famous-drinking-culture-is-drying-out-ld.1887552
2025-09-29_meinung_greatest-danger-west-comes-west-itself-society_ld1904443,1904443,2025-09-29,Meinung,Kommentar,Thomas Ribi,1515,The greatest danger to the West comes from the West itself: from a society that no longer appreciates the value of freedom because it takes it for granted,https://www.nzz.ch/meinung/die-groesste-gefahr-fuer-den-westen-geht-vom-westen-aus-von-einer-gesellschaft-die-den-wert-der-freiheit-nicht-mehr-schaetzt-weil-sie-sie-fuer-selbstverstaendlich-haelt-ld.1904443
